,title_x,year_x,genres,description_x,channel,title_y,year_y,description_y,theater
513,Madea's Family Reunion,2006,Comedy,A Southern matriarch (Tyler Perry) must keep the peace while planning a family reunion.,050,Monty Python and the Holy Grail,1975,A lackey follows as King Arthur (Graham Chapman) goes questing.,Alamo Drafthouse South Lamar
514,Madea's Family Reunion,2006,Comedy,A Southern matriarch (Tyler Perry) must keep the peace while planning a family reunion.,050,Spaceballs,1987,President Skroob (Mel Brooks) pits heroes against an evil foe (Rick Moranis).,Alamo Drafthouse South Lamar
515,Madea's Family Reunion,2006,Comedy,A Southern matriarch (Tyler Perry) must keep the peace while planning a family reunion.,050,Borat Subsequent Moviefilm,2020,Kazakh funnyman Borat risks life and limb when he returns to America with his 15-year-old daughter.,Alamo Drafthouse South Lamar
516,Madea's Family Reunion,2006,Comedy,A Southern matriarch (Tyler Perry) must keep the peace while planning a family reunion.,050,Mean Girls,2004,A teen (Lindsay Lohan) becomes friends with three cruel schoolmates.,Alamo Drafthouse South Lamar
517,Madea's Family Reunion,2006,Comedy,A Southern matriarch (Tyler Perry) must keep the peace while planning a family reunion.,050,Tom & Jerry,2021,A desperate event planner hires Tom to get rid of Jerry before he ruins a fancy wedding at a hotel.,AMC Barton Creek Square 14
518,Madea's Family Reunion,2006,Comedy,A Southern matriarch (Tyler Perry) must keep the peace while planning a family reunion.,050,Jathi Ratnalu,2021,Three men search for love and happiness after leaving prison.,Galaxy Highland
519,Madea's Family Reunion,2006,Comedy,A Southern matriarch (Tyler Perry) must keep the peace while planning a family reunion.,050,Private Screening,2021,Three men search for love and happiness after leaving prison.,Galaxy Highland
520,Madea's Family Reunion,2006,Comedy,A Southern matriarch (Tyler Perry) must keep the peace while planning a family reunion.,117,Monty Python and the Holy Grail,1975,A lackey follows as King Arthur (Graham Chapman) goes questing.,Alamo Drafthouse South Lamar
521,Madea's Family Reunion,2006,Comedy,A Southern matriarch (Tyler Perry) must keep the peace while planning a family reunion.,117,Spaceballs,1987,President Skroob (Mel Brooks) pits heroes against an evil foe (Rick Moranis).,Alamo Drafthouse South Lamar
522,Madea's Family Reunion,2006,Comedy,A Southern matriarch (Tyler Perry) must keep the peace while planning a family reunion.,117,Borat Subsequent Moviefilm,2020,Kazakh funnyman Borat risks life and limb when he returns to America with his 15-year-old daughter.,Alamo Drafthouse South Lamar
523,Madea's Family Reunion,2006,Comedy,A Southern matriarch (Tyler Perry) must keep the peace while planning a family reunion.,117,Mean Girls,2004,A teen (Lindsay Lohan) becomes friends with three cruel schoolmates.,Alamo Drafthouse South Lamar
524,Madea's Family Reunion,2006,Comedy,A Southern matriarch (Tyler Perry) must keep the peace while planning a family reunion.,117,Tom & Jerry,2021,A desperate event planner hires Tom to get rid of Jerry before he ruins a fancy wedding at a hotel.,AMC Barton Creek Square 14
525,Madea's Family Reunion,2006,Comedy,A Southern matriarch (Tyler Perry) must keep the peace while planning a family reunion.,117,Jathi Ratnalu,2021,Three men search for love and happiness after leaving prison.,Galaxy Highland
526,Madea's Family Reunion,2006,Comedy,A Southern matriarch (Tyler Perry) must keep the peace while planning a family reunion.,117,Private Screening,2021,Three men search for love and happiness after leaving prison.,Galaxy Highland
527,Dos policías con suerte 3,2019,Comedy,El cuerpo de policías conformado por Pamela Chu y Ana Lisa Melchoto espera encontrar delincuentes.,971,Monty Python and the Holy Grail,1975,A lackey follows as King Arthur (Graham Chapman) goes questing.,Alamo Drafthouse South Lamar
528,Dos policías con suerte 3,2019,Comedy,El cuerpo de policías conformado por Pamela Chu y Ana Lisa Melchoto espera encontrar delincuentes.,971,Spaceballs,1987,President Skroob (Mel Brooks) pits heroes against an evil foe (Rick Moranis).,Alamo Drafthouse South Lamar
529,Dos policías con suerte 3,2019,Comedy,El cuerpo de policías conformado por Pamela Chu y Ana Lisa Melchoto espera encontrar delincuentes.,971,Borat Subsequent Moviefilm,2020,Kazakh funnyman Borat risks life and limb when he returns to America with his 15-year-old daughter.,Alamo Drafthouse South Lamar
530,Dos policías con suerte 3,2019,Comedy,El cuerpo de policías conformado por Pamela Chu y Ana Lisa Melchoto espera encontrar delincuentes.,971,Mean Girls,2004,A teen (Lindsay Lohan) becomes friends with three cruel schoolmates.,Alamo Drafthouse South Lamar
531,Dos policías con suerte 3,2019,Comedy,El cuerpo de policías conformado por Pamela Chu y Ana Lisa Melchoto espera encontrar delincuentes.,971,Tom & Jerry,2021,A desperate event planner hires Tom to get rid of Jerry before he ruins a fancy wedding at a hotel.,AMC Barton Creek Square 14
532,Dos policías con suerte 3,2019,Comedy,El cuerpo de policías conformado por Pamela Chu y Ana Lisa Melchoto espera encontrar delincuentes.,971,Jathi Ratnalu,2021,Three men search for love and happiness after leaving prison.,Galaxy Highland
533,Dos policías con suerte 3,2019,Comedy,El cuerpo de policías conformado por Pamela Chu y Ana Lisa Melchoto espera encontrar delincuentes.,971,Private Screening,2021,Three men search for love and happiness after leaving prison.,Galaxy Highland
534,Smokey and the Bandit II,1980,Comedy,"A sheriff (Jackie Gleason) chases a trucker (Burt Reynolds), a woman (Sally Field) and an elephant.",179,Monty Python and the Holy Grail,1975,A lackey follows as King Arthur (Graham Chapman) goes questing.,Alamo Drafthouse South Lamar
535,Smokey and the Bandit II,1980,Comedy,"A sheriff (Jackie Gleason) chases a trucker (Burt Reynolds), a woman (Sally Field) and an elephant.",179,Spaceballs,1987,President Skroob (Mel Brooks) pits heroes against an evil foe (Rick Moranis).,Alamo Drafthouse South Lamar
536,Smokey and the Bandit II,1980,Comedy,"A sheriff (Jackie Gleason) chases a trucker (Burt Reynolds), a woman (Sally Field) and an elephant.",179,Borat Subsequent Moviefilm,2020,Kazakh funnyman Borat risks life and limb when he returns to America with his 15-year-old daughter.,Alamo Drafthouse South Lamar
537,Smokey and the Bandit II,1980,Comedy,"A sheriff (Jackie Gleason) chases a trucker (Burt Reynolds), a woman (Sally Field) and an elephant.",179,Mean Girls,2004,A teen (Lindsay Lohan) becomes friends with three cruel schoolmates.,Alamo Drafthouse South Lamar
538,Smokey and the Bandit II,1980,Comedy,"A sheriff (Jackie Gleason) chases a trucker (Burt Reynolds), a woman (Sally Field) and an elephant.",179,Tom & Jerry,2021,A desperate event planner hires Tom to get rid of Jerry before he ruins a fancy wedding at a hotel.,AMC Barton Creek Square 14
539,Smokey and the Bandit II,1980,Comedy,"A sheriff (Jackie Gleason) chases a trucker (Burt Reynolds), a woman (Sally Field) and an elephant.",179,Jathi Ratnalu,2021,Three men search for love and happiness after leaving prison.,Galaxy Highland
540,Smokey and the Bandit II,1980,Comedy,"A sheriff (Jackie Gleason) chases a trucker (Burt Reynolds), a woman (Sally Field) and an elephant.",179,Private Screening,2021,Three men search for love and happiness after leaving prison.,Galaxy Highland
541,The Hustle,2019,Comedy,Two female grifters join forces to swindle a naive tech billionaire in the South of France.,595,Monty Python and the Holy Grail,1975,A lackey follows as King Arthur (Graham Chapman) goes questing.,Alamo Drafthouse South Lamar
542,The Hustle,2019,Comedy,Two female grifters join forces to swindle a naive tech billionaire in the South of France.,595,Spaceballs,1987,President Skroob (Mel Brooks) pits heroes against an evil foe (Rick Moranis).,Alamo Drafthouse South Lamar
543,The Hustle,2019,Comedy,Two female grifters join forces to swindle a naive tech billionaire in the South of France.,595,Borat Subsequent Moviefilm,2020,Kazakh funnyman Borat risks life and limb when he returns to America with his 15-year-old daughter.,Alamo Drafthouse South Lamar
544,The Hustle,2019,Comedy,Two female grifters join forces to swindle a naive tech billionaire in the South of France.,595,Mean Girls,2004,A teen (Lindsay Lohan) becomes friends with three cruel schoolmates.,Alamo Drafthouse South Lamar
545,The Hustle,2019,Comedy,Two female grifters join forces to swindle a naive tech billionaire in the South of France.,595,Tom & Jerry,2021,A desperate event planner hires Tom to get rid of Jerry before he ruins a fancy wedding at a hotel.,AMC Barton Creek Square 14
546,The Hustle,2019,Comedy,Two female grifters join forces to swindle a naive tech billionaire in the South of France.,595,Jathi Ratnalu,2021,Three men search for love and happiness after leaving prison.,Galaxy Highland
547,The Hustle,2019,Comedy,Two female grifters join forces to swindle a naive tech billionaire in the South of France.,595,Private Screening,2021,Three men search for love and happiness after leaving prison.,Galaxy Highland
548,Old Dogs,2009,Comedy,Two clueless bachelors become the unexpected caretakers of twin children.,521,Monty Python and the Holy Grail,1975,A lackey follows as King Arthur (Graham Chapman) goes questing.,Alamo Drafthouse South Lamar
549,Old Dogs,2009,Comedy,Two clueless bachelors become the unexpected caretakers of twin children.,521,Spaceballs,1987,President Skroob (Mel Brooks) pits heroes against an evil foe (Rick Moranis).,Alamo Drafthouse South Lamar
550,Old Dogs,2009,Comedy,Two clueless bachelors become the unexpected caretakers of twin children.,521,Borat Subsequent Moviefilm,2020,Kazakh funnyman Borat risks life and limb when he returns to America with his 15-year-old daughter.,Alamo Drafthouse South Lamar
551,Old Dogs,2009,Comedy,Two clueless bachelors become the unexpected caretakers of twin children.,521,Mean Girls,2004,A teen (Lindsay Lohan) becomes friends with three cruel schoolmates.,Alamo Drafthouse South Lamar
552,Old Dogs,2009,Comedy,Two clueless bachelors become the unexpected caretakers of twin children.,521,Tom & Jerry,2021,A desperate event planner hires Tom to get rid of Jerry before he ruins a fancy wedding at a hotel.,AMC Barton Creek Square 14
553,Old Dogs,2009,Comedy,Two clueless bachelors become the unexpected caretakers of twin children.,521,Jathi Ratnalu,2021,Three men search for love and happiness after leaving prison.,Galaxy Highland
554,Old Dogs,2009,Comedy,Two clueless bachelors become the unexpected caretakers of twin children.,521,Private Screening,2021,Three men search for love and happiness after leaving prison.,Galaxy Highland
555,Zoom,2006,Comedy,A former superhero (Tim Allen) becomes mentor to a ragtag group of young heroes-in-training.,584,Monty Python and the Holy Grail,1975,A lackey follows as King Arthur (Graham Chapman) goes questing.,Alamo Drafthouse South Lamar
556,Zoom,2006,Comedy,A former superhero (Tim Allen) becomes mentor to a ragtag group of young heroes-in-training.,584,Spaceballs,1987,President Skroob (Mel Brooks) pits heroes against an evil foe (Rick Moranis).,Alamo Drafthouse South Lamar
557,Zoom,2006,Comedy,A former superhero (Tim Allen) becomes mentor to a ragtag group of young heroes-in-training.,584,Borat Subsequent Moviefilm,2020,Kazakh funnyman Borat risks life and limb when he returns to America with his 15-year-old daughter.,Alamo Drafthouse South Lamar
558,Zoom,2006,Comedy,A former superhero (Tim Allen) becomes mentor to a ragtag group of young heroes-in-training.,584,Mean Girls,2004,A teen (Lindsay Lohan) becomes friends with three cruel schoolmates.,Alamo Drafthouse South Lamar
559,Zoom,2006,Comedy,A former superhero (Tim Allen) becomes mentor to a ragtag group of young heroes-in-training.,584,Tom & Jerry,2021,A desperate event planner hires Tom to get rid of Jerry before he ruins a fancy wedding at a hotel.,AMC Barton Creek Square 14
560,Zoom,2006,Comedy,A former superhero (Tim Allen) becomes mentor to a ragtag group of young heroes-in-training.,584,Jathi Ratnalu,2021,Three men search for love and happiness after leaving prison.,Galaxy Highland
561,Zoom,2006,Comedy,A former superhero (Tim Allen) becomes mentor to a ragtag group of young heroes-in-training.,584,Private Screening,2021,Three men search for love and happiness after leaving prison.,Galaxy Highland
562,Booty Call,1997,Comedy,Absurdity rules on a double date but does nothing to quell the couples' quest for passion.,572,Monty Python and the Holy Grail,1975,A lackey follows as King Arthur (Graham Chapman) goes questing.,Alamo Drafthouse South Lamar
563,Booty Call,1997,Comedy,Absurdity rules on a double date but does nothing to quell the couples' quest for passion.,572,Spaceballs,1987,President Skroob (Mel Brooks) pits heroes against an evil foe (Rick Moranis).,Alamo Drafthouse South Lamar
564,Booty Call,1997,Comedy,Absurdity rules on a double date but does nothing to quell the couples' quest for passion.,572,Borat Subsequent Moviefilm,2020,Kazakh funnyman Borat risks life and limb when he returns to America with his 15-year-old daughter.,Alamo Drafthouse South Lamar
565,Booty Call,1997,Comedy,Absurdity rules on a double date but does nothing to quell the couples' quest for passion.,572,Mean Girls,2004,A teen (Lindsay Lohan) becomes friends with three cruel schoolmates.,Alamo Drafthouse South Lamar
566,Booty Call,1997,Comedy,Absurdity rules on a double date but does nothing to quell the couples' quest for passion.,572,Tom & Jerry,2021,A desperate event planner hires Tom to get rid of Jerry before he ruins a fancy wedding at a hotel.,AMC Barton Creek Square 14
567,Booty Call,1997,Comedy,Absurdity rules on a double date but does nothing to quell the couples' quest for passion.,572,Jathi Ratnalu,2021,Three men search for love and happiness after leaving prison.,Galaxy Highland
568,Booty Call,1997,Comedy,Absurdity rules on a double date but does nothing to quell the couples' quest for passion.,572,Private Screening,2021,Three men search for love and happiness after leaving prison.,Galaxy Highland
569,Tootsie,1982,Comedy,Out-of-work actor Michael Dorsey (Dustin Hoffman) becomes soap-opera star Dorothy Michaels.,620,Monty Python and the Holy Grail,1975,A lackey follows as King Arthur (Graham Chapman) goes questing.,Alamo Drafthouse South Lamar
570,Tootsie,1982,Comedy,Out-of-work actor Michael Dorsey (Dustin Hoffman) becomes soap-opera star Dorothy Michaels.,620,Spaceballs,1987,President Skroob (Mel Brooks) pits heroes against an evil foe (Rick Moranis).,Alamo Drafthouse South Lamar
571,Tootsie,1982,Comedy,Out-of-work actor Michael Dorsey (Dustin Hoffman) becomes soap-opera star Dorothy Michaels.,620,Borat Subsequent Moviefilm,2020,Kazakh funnyman Borat risks life and limb when he returns to America with his 15-year-old daughter.,Alamo Drafthouse South Lamar
572,Tootsie,1982,Comedy,Out-of-work actor Michael Dorsey (Dustin Hoffman) becomes soap-opera star Dorothy Michaels.,620,Mean Girls,2004,A teen (Lindsay Lohan) becomes friends with three cruel schoolmates.,Alamo Drafthouse South Lamar
573,Tootsie,1982,Comedy,Out-of-work actor Michael Dorsey (Dustin Hoffman) becomes soap-opera star Dorothy Michaels.,620,Tom & Jerry,2021,A desperate event planner hires Tom to get rid of Jerry before he ruins a fancy wedding at a hotel.,AMC Barton Creek Square 14
574,Tootsie,1982,Comedy,Out-of-work actor Michael Dorsey (Dustin Hoffman) becomes soap-opera star Dorothy Michaels.,620,Jathi Ratnalu,2021,Three men search for love and happiness after leaving prison.,Galaxy Highland
575,Tootsie,1982,Comedy,Out-of-work actor Michael Dorsey (Dustin Hoffman) becomes soap-opera star Dorothy Michaels.,620,Private Screening,2021,Three men search for love and happiness after leaving prison.,Galaxy Highland
576,Grudge Match,2013,Comedy,A boxing promoter offers two rival boxers the chance to come out of retirement for one final bout.,515,Monty Python and the Holy Grail,1975,A lackey follows as King Arthur (Graham Chapman) goes questing.,Alamo Drafthouse South Lamar
577,Grudge Match,2013,Comedy,A boxing promoter offers two rival boxers the chance to come out of retirement for one final bout.,515,Spaceballs,1987,President Skroob (Mel Brooks) pits heroes against an evil foe (Rick Moranis).,Alamo Drafthouse South Lamar
578,Grudge Match,2013,Comedy,A boxing promoter offers two rival boxers the chance to come out of retirement for one final bout.,515,Borat Subsequent Moviefilm,2020,Kazakh funnyman Borat risks life and limb when he returns to America with his 15-year-old daughter.,Alamo Drafthouse South Lamar
579,Grudge Match,2013,Comedy,A boxing promoter offers two rival boxers the chance to come out of retirement for one final bout.,515,Mean Girls,2004,A teen (Lindsay Lohan) becomes friends with three cruel schoolmates.,Alamo Drafthouse South Lamar
580,Grudge Match,2013,Comedy,A boxing promoter offers two rival boxers the chance to come out of retirement for one final bout.,515,Tom & Jerry,2021,A desperate event planner hires Tom to get rid of Jerry before he ruins a fancy wedding at a hotel.,AMC Barton Creek Square 14
581,Grudge Match,2013,Comedy,A boxing promoter offers two rival boxers the chance to come out of retirement for one final bout.,515,Jathi Ratnalu,2021,Three men search for love and happiness after leaving prison.,Galaxy Highland
582,Grudge Match,2013,Comedy,A boxing promoter offers two rival boxers the chance to come out of retirement for one final bout.,515,Private Screening,2021,Three men search for love and happiness after leaving prison.,Galaxy Highland
583,Ahí vienen los gorrones,1952,Comedy,El dueño de una fonda es encarcelado debido a torpes declaraciones de sus empleados.,890,Monty Python and the Holy Grail,1975,A lackey follows as King Arthur (Graham Chapman) goes questing.,Alamo Drafthouse South Lamar
584,Ahí vienen los gorrones,1952,Comedy,El dueño de una fonda es encarcelado debido a torpes declaraciones de sus empleados.,890,Spaceballs,1987,President Skroob (Mel Brooks) pits heroes against an evil foe (Rick Moranis).,Alamo Drafthouse South Lamar
585,Ahí vienen los gorrones,1952,Comedy,El dueño de una fonda es encarcelado debido a torpes declaraciones de sus empleados.,890,Borat Subsequent Moviefilm,2020,Kazakh funnyman Borat risks life and limb when he returns to America with his 15-year-old daughter.,Alamo Drafthouse South Lamar
586,Ahí vienen los gorrones,1952,Comedy,El dueño de una fonda es encarcelado debido a torpes declaraciones de sus empleados.,890,Mean Girls,2004,A teen (Lindsay Lohan) becomes friends with three cruel schoolmates.,Alamo Drafthouse South Lamar
587,Ahí vienen los gorrones,1952,Comedy,El dueño de una fonda es encarcelado debido a torpes declaraciones de sus empleados.,890,Tom & Jerry,2021,A desperate event planner hires Tom to get rid of Jerry before he ruins a fancy wedding at a hotel.,AMC Barton Creek Square 14
588,Ahí vienen los gorrones,1952,Comedy,El dueño de una fonda es encarcelado debido a torpes declaraciones de sus empleados.,890,Jathi Ratnalu,2021,Three men search for love and happiness after leaving prison.,Galaxy Highland
589,Ahí vienen los gorrones,1952,Comedy,El dueño de una fonda es encarcelado debido a torpes declaraciones de sus empleados.,890,Private Screening,2021,Three men search for love and happiness after leaving prison.,Galaxy Highland
590,La lotería,1993,Comedy,"Tres historias, tres ganadores de la lotería y las desgracias que vienen junto con la fortuna.",980,Monty Python and the Holy Grail,1975,A lackey follows as King Arthur (Graham Chapman) goes questing.,Alamo Drafthouse South Lamar
591,La lotería,1993,Comedy,"Tres historias, tres ganadores de la lotería y las desgracias que vienen junto con la fortuna.",980,Spaceballs,1987,President Skroob (Mel Brooks) pits heroes against an evil foe (Rick Moranis).,Alamo Drafthouse South Lamar
592,La lotería,1993,Comedy,"Tres historias, tres ganadores de la lotería y las desgracias que vienen junto con la fortuna.",980,Borat Subsequent Moviefilm,2020,Kazakh funnyman Borat risks life and limb when he returns to America with his 15-year-old daughter.,Alamo Drafthouse South Lamar
593,La lotería,1993,Comedy,"Tres historias, tres ganadores de la lotería y las desgracias que vienen junto con la fortuna.",980,Mean Girls,2004,A teen (Lindsay Lohan) becomes friends with three cruel schoolmates.,Alamo Drafthouse South Lamar
594,La lotería,1993,Comedy,"Tres historias, tres ganadores de la lotería y las desgracias que vienen junto con la fortuna.",980,Tom & Jerry,2021,A desperate event planner hires Tom to get rid of Jerry before he ruins a fancy wedding at a hotel.,AMC Barton Creek Square 14
595,La lotería,1993,Comedy,"Tres historias, tres ganadores de la lotería y las desgracias que vienen junto con la fortuna.",980,Jathi Ratnalu,2021,Three men search for love and happiness after leaving prison.,Galaxy Highland
596,La lotería,1993,Comedy,"Tres historias, tres ganadores de la lotería y las desgracias que vienen junto con la fortuna.",980,Private Screening,2021,Three men search for love and happiness after leaving prison.,Galaxy Highland
597,Scrooged,1988,Comedy,"A ruthless TV-network chief (Bill Murray) meets the ghosts of Christmases past, present and future.",596,Monty Python and the Holy Grail,1975,A lackey follows as King Arthur (Graham Chapman) goes questing.,Alamo Drafthouse South Lamar
598,Scrooged,1988,Comedy,"A ruthless TV-network chief (Bill Murray) meets the ghosts of Christmases past, present and future.",596,Spaceballs,1987,President Skroob (Mel Brooks) pits heroes against an evil foe (Rick Moranis).,Alamo Drafthouse South Lamar
599,Scrooged,1988,Comedy,"A ruthless TV-network chief (Bill Murray) meets the ghosts of Christmases past, present and future.",596,Borat Subsequent Moviefilm,2020,Kazakh funnyman Borat risks life and limb when he returns to America with his 15-year-old daughter.,Alamo Drafthouse South Lamar
600,Scrooged,1988,Comedy,"A ruthless TV-network chief (Bill Murray) meets the ghosts of Christmases past, present and future.",596,Mean Girls,2004,A teen (Lindsay Lohan) becomes friends with three cruel schoolmates.,Alamo Drafthouse South Lamar
601,Scrooged,1988,Comedy,"A ruthless TV-network chief (Bill Murray) meets the ghosts of Christmases past, present and future.",596,Tom & Jerry,2021,A desperate event planner hires Tom to get rid of Jerry before he ruins a fancy wedding at a hotel.,AMC Barton Creek Square 14
602,Scrooged,1988,Comedy,"A ruthless TV-network chief (Bill Murray) meets the ghosts of Christmases past, present and future.",596,Jathi Ratnalu,2021,Three men search for love and happiness after leaving prison.,Galaxy Highland
603,Scrooged,1988,Comedy,"A ruthless TV-network chief (Bill Murray) meets the ghosts of Christmases past, present and future.",596,Private Screening,2021,Three men search for love and happiness after leaving prison.,Galaxy Highland
604,Beethoven's Treasure Tail,2014,Comedy,Beethoven helps a local boy find a pirate map leading to lost treasure.,608,Monty Python and the Holy Grail,1975,A lackey follows as King Arthur (Graham Chapman) goes questing.,Alamo Drafthouse South Lamar
605,Beethoven's Treasure Tail,2014,Comedy,Beethoven helps a local boy find a pirate map leading to lost treasure.,608,Spaceballs,1987,President Skroob (Mel Brooks) pits heroes against an evil foe (Rick Moranis).,Alamo Drafthouse South Lamar
606,Beethoven's Treasure Tail,2014,Comedy,Beethoven helps a local boy find a pirate map leading to lost treasure.,608,Borat Subsequent Moviefilm,2020,Kazakh funnyman Borat risks life and limb when he returns to America with his 15-year-old daughter.,Alamo Drafthouse South Lamar
607,Beethoven's Treasure Tail,2014,Comedy,Beethoven helps a local boy find a pirate map leading to lost treasure.,608,Mean Girls,2004,A teen (Lindsay Lohan) becomes friends with three cruel schoolmates.,Alamo Drafthouse South Lamar
608,Beethoven's Treasure Tail,2014,Comedy,Beethoven helps a local boy find a pirate map leading to lost treasure.,608,Tom & Jerry,2021,A desperate event planner hires Tom to get rid of Jerry before he ruins a fancy wedding at a hotel.,AMC Barton Creek Square 14
609,Beethoven's Treasure Tail,2014,Comedy,Beethoven helps a local boy find a pirate map leading to lost treasure.,608,Jathi Ratnalu,2021,Three men search for love and happiness after leaving prison.,Galaxy Highland
610,Beethoven's Treasure Tail,2014,Comedy,Beethoven helps a local boy find a pirate map leading to lost treasure.,608,Private Screening,2021,Three men search for love and happiness after leaving prison.,Galaxy Highland
611,Un Trailero Mujeriego,2014,Comedy,Un hombre tiene varios hijos regados por todas partes. Pero luego descubre que ninguno es de él.,971,Monty Python and the Holy Grail,1975,A lackey follows as King Arthur (Graham Chapman) goes questing.,Alamo Drafthouse South Lamar
612,Un Trailero Mujeriego,2014,Comedy,Un hombre tiene varios hijos regados por todas partes. Pero luego descubre que ninguno es de él.,971,Spaceballs,1987,President Skroob (Mel Brooks) pits heroes against an evil foe (Rick Moranis).,Alamo Drafthouse South Lamar
613,Un Trailero Mujeriego,2014,Comedy,Un hombre tiene varios hijos regados por todas partes. Pero luego descubre que ninguno es de él.,971,Borat Subsequent Moviefilm,2020,Kazakh funnyman Borat risks life and limb when he returns to America with his 15-year-old daughter.,Alamo Drafthouse South Lamar
614,Un Trailero Mujeriego,2014,Comedy,Un hombre tiene varios hijos regados por todas partes. Pero luego descubre que ninguno es de él.,971,Mean Girls,2004,A teen (Lindsay Lohan) becomes friends with three cruel schoolmates.,Alamo Drafthouse South Lamar
615,Un Trailero Mujeriego,2014,Comedy,Un hombre tiene varios hijos regados por todas partes. Pero luego descubre que ninguno es de él.,971,Tom & Jerry,2021,A desperate event planner hires Tom to get rid of Jerry before he ruins a fancy wedding at a hotel.,AMC Barton Creek Square 14
616,Un Trailero Mujeriego,2014,Comedy,Un hombre tiene varios hijos regados por todas partes. Pero luego descubre que ninguno es de él.,971,Jathi Ratnalu,2021,Three men search for love and happiness after leaving prison.,Galaxy Highland
617,Un Trailero Mujeriego,2014,Comedy,Un hombre tiene varios hijos regados por todas partes. Pero luego descubre que ninguno es de él.,971,Private Screening,2021,Three men search for love and happiness after leaving prison.,Galaxy Highland
618,Deerskin,2019,Comedy,A drifter becomes obsessed with a fringed deerskin jacket that seems to hold mystical powers.,512,Monty Python and the Holy Grail,1975,A lackey follows as King Arthur (Graham Chapman) goes questing.,Alamo Drafthouse South Lamar
619,Deerskin,2019,Comedy,A drifter becomes obsessed with a fringed deerskin jacket that seems to hold mystical powers.,512,Spaceballs,1987,President Skroob (Mel Brooks) pits heroes against an evil foe (Rick Moranis).,Alamo Drafthouse South Lamar
620,Deerskin,2019,Comedy,A drifter becomes obsessed with a fringed deerskin jacket that seems to hold mystical powers.,512,Borat Subsequent Moviefilm,2020,Kazakh funnyman Borat risks life and limb when he returns to America with his 15-year-old daughter.,Alamo Drafthouse South Lamar
621,Deerskin,2019,Comedy,A drifter becomes obsessed with a fringed deerskin jacket that seems to hold mystical powers.,512,Mean Girls,2004,A teen (Lindsay Lohan) becomes friends with three cruel schoolmates.,Alamo Drafthouse South Lamar
622,Deerskin,2019,Comedy,A drifter becomes obsessed with a fringed deerskin jacket that seems to hold mystical powers.,512,Tom & Jerry,2021,A desperate event planner hires Tom to get rid of Jerry before he ruins a fancy wedding at a hotel.,AMC Barton Creek Square 14
623,Deerskin,2019,Comedy,A drifter becomes obsessed with a fringed deerskin jacket that seems to hold mystical powers.,512,Jathi Ratnalu,2021,Three men search for love and happiness after leaving prison.,Galaxy Highland
624,Deerskin,2019,Comedy,A drifter becomes obsessed with a fringed deerskin jacket that seems to hold mystical powers.,512,Private Screening,2021,Three men search for love and happiness after leaving prison.,Galaxy Highland
625,Un gallo en corral ajeno,1951,Comedy,Una escultora recibe en su casa a un hombre a quien enseña a leer y trata como a un buen sirviente.,985,Monty Python and the Holy Grail,1975,A lackey follows as King Arthur (Graham Chapman) goes questing.,Alamo Drafthouse South Lamar
626,Un gallo en corral ajeno,1951,Comedy,Una escultora recibe en su casa a un hombre a quien enseña a leer y trata como a un buen sirviente.,985,Spaceballs,1987,President Skroob (Mel Brooks) pits heroes against an evil foe (Rick Moranis).,Alamo Drafthouse South Lamar
627,Un gallo en corral ajeno,1951,Comedy,Una escultora recibe en su casa a un hombre a quien enseña a leer y trata como a un buen sirviente.,985,Borat Subsequent Moviefilm,2020,Kazakh funnyman Borat risks life and limb when he returns to America with his 15-year-old daughter.,Alamo Drafthouse South Lamar
628,Un gallo en corral ajeno,1951,Comedy,Una escultora recibe en su casa a un hombre a quien enseña a leer y trata como a un buen sirviente.,985,Mean Girls,2004,A teen (Lindsay Lohan) becomes friends with three cruel schoolmates.,Alamo Drafthouse South Lamar
629,Un gallo en corral ajeno,1951,Comedy,Una escultora recibe en su casa a un hombre a quien enseña a leer y trata como a un buen sirviente.,985,Tom & Jerry,2021,A desperate event planner hires Tom to get rid of Jerry before he ruins a fancy wedding at a hotel.,AMC Barton Creek Square 14
630,Un gallo en corral ajeno,1951,Comedy,Una escultora recibe en su casa a un hombre a quien enseña a leer y trata como a un buen sirviente.,985,Jathi Ratnalu,2021,Three men search for love and happiness after leaving prison.,Galaxy Highland
631,Un gallo en corral ajeno,1951,Comedy,Una escultora recibe en su casa a un hombre a quien enseña a leer y trata como a un buen sirviente.,985,Private Screening,2021,Three men search for love and happiness after leaving prison.,Galaxy Highland
632,Stripes,1981,Comedy,Lazy cabby (Bill Murray) and bored buddy (Harold Ramis) join Army.,602,Monty Python and the Holy Grail,1975,A lackey follows as King Arthur (Graham Chapman) goes questing.,Alamo Drafthouse South Lamar
633,Stripes,1981,Comedy,Lazy cabby (Bill Murray) and bored buddy (Harold Ramis) join Army.,602,Spaceballs,1987,President Skroob (Mel Brooks) pits heroes against an evil foe (Rick Moranis).,Alamo Drafthouse South Lamar
634,Stripes,1981,Comedy,Lazy cabby (Bill Murray) and bored buddy (Harold Ramis) join Army.,602,Borat Subsequent Moviefilm,2020,Kazakh funnyman Borat risks life and limb when he returns to America with his 15-year-old daughter.,Alamo Drafthouse South Lamar
635,Stripes,1981,Comedy,Lazy cabby (Bill Murray) and bored buddy (Harold Ramis) join Army.,602,Mean Girls,2004,A teen (Lindsay Lohan) becomes friends with three cruel schoolmates.,Alamo Drafthouse South Lamar
636,Stripes,1981,Comedy,Lazy cabby (Bill Murray) and bored buddy (Harold Ramis) join Army.,602,Tom & Jerry,2021,A desperate event planner hires Tom to get rid of Jerry before he ruins a fancy wedding at a hotel.,AMC Barton Creek Square 14
637,Stripes,1981,Comedy,Lazy cabby (Bill Murray) and bored buddy (Harold Ramis) join Army.,602,Jathi Ratnalu,2021,Three men search for love and happiness after leaving prison.,Galaxy Highland
638,Stripes,1981,Comedy,Lazy cabby (Bill Murray) and bored buddy (Harold Ramis) join Army.,602,Private Screening,2021,Three men search for love and happiness after leaving prison.,Galaxy Highland
639,The Adventures of Pluto Nash,2002,Comedy,A nightclub owner (Eddie Murphy) encounters mobsters on the moon.,620,Monty Python and the Holy Grail,1975,A lackey follows as King Arthur (Graham Chapman) goes questing.,Alamo Drafthouse South Lamar
640,The Adventures of Pluto Nash,2002,Comedy,A nightclub owner (Eddie Murphy) encounters mobsters on the moon.,620,Spaceballs,1987,President Skroob (Mel Brooks) pits heroes against an evil foe (Rick Moranis).,Alamo Drafthouse South Lamar
641,The Adventures of Pluto Nash,2002,Comedy,A nightclub owner (Eddie Murphy) encounters mobsters on the moon.,620,Borat Subsequent Moviefilm,2020,Kazakh funnyman Borat risks life and limb when he returns to America with his 15-year-old daughter.,Alamo Drafthouse South Lamar
642,The Adventures of Pluto Nash,2002,Comedy,A nightclub owner (Eddie Murphy) encounters mobsters on the moon.,620,Mean Girls,2004,A teen (Lindsay Lohan) becomes friends with three cruel schoolmates.,Alamo Drafthouse South Lamar
643,The Adventures of Pluto Nash,2002,Comedy,A nightclub owner (Eddie Murphy) encounters mobsters on the moon.,620,Tom & Jerry,2021,A desperate event planner hires Tom to get rid of Jerry before he ruins a fancy wedding at a hotel.,AMC Barton Creek Square 14
644,The Adventures of Pluto Nash,2002,Comedy,A nightclub owner (Eddie Murphy) encounters mobsters on the moon.,620,Jathi Ratnalu,2021,Three men search for love and happiness after leaving prison.,Galaxy Highland
645,The Adventures of Pluto Nash,2002,Comedy,A nightclub owner (Eddie Murphy) encounters mobsters on the moon.,620,Private Screening,2021,Three men search for love and happiness after leaving prison.,Galaxy Highland
646,Guess Who,2005,Comedy,A black man (Bernie Mac) meets his daughter's (Zoe Saldana) white boyfriend (Ashton Kutcher).,050,Monty Python and the Holy Grail,1975,A lackey follows as King Arthur (Graham Chapman) goes questing.,Alamo Drafthouse South Lamar
647,Guess Who,2005,Comedy,A black man (Bernie Mac) meets his daughter's (Zoe Saldana) white boyfriend (Ashton Kutcher).,050,Spaceballs,1987,President Skroob (Mel Brooks) pits heroes against an evil foe (Rick Moranis).,Alamo Drafthouse South Lamar
648,Guess Who,2005,Comedy,A black man (Bernie Mac) meets his daughter's (Zoe Saldana) white boyfriend (Ashton Kutcher).,050,Borat Subsequent Moviefilm,2020,Kazakh funnyman Borat risks life and limb when he returns to America with his 15-year-old daughter.,Alamo Drafthouse South Lamar
649,Guess Who,2005,Comedy,A black man (Bernie Mac) meets his daughter's (Zoe Saldana) white boyfriend (Ashton Kutcher).,050,Mean Girls,2004,A teen (Lindsay Lohan) becomes friends with three cruel schoolmates.,Alamo Drafthouse South Lamar
650,Guess Who,2005,Comedy,A black man (Bernie Mac) meets his daughter's (Zoe Saldana) white boyfriend (Ashton Kutcher).,050,Tom & Jerry,2021,A desperate event planner hires Tom to get rid of Jerry before he ruins a fancy wedding at a hotel.,AMC Barton Creek Square 14
651,Guess Who,2005,Comedy,A black man (Bernie Mac) meets his daughter's (Zoe Saldana) white boyfriend (Ashton Kutcher).,050,Jathi Ratnalu,2021,Three men search for love and happiness after leaving prison.,Galaxy Highland
652,Guess Who,2005,Comedy,A black man (Bernie Mac) meets his daughter's (Zoe Saldana) white boyfriend (Ashton Kutcher).,050,Private Screening,2021,Three men search for love and happiness after leaving prison.,Galaxy Highland
653,Guess Who,2005,Comedy,A black man (Bernie Mac) meets his daughter's (Zoe Saldana) white boyfriend (Ashton Kutcher).,117,Monty Python and the Holy Grail,1975,A lackey follows as King Arthur (Graham Chapman) goes questing.,Alamo Drafthouse South Lamar
654,Guess Who,2005,Comedy,A black man (Bernie Mac) meets his daughter's (Zoe Saldana) white boyfriend (Ashton Kutcher).,117,Spaceballs,1987,President Skroob (Mel Brooks) pits heroes against an evil foe (Rick Moranis).,Alamo Drafthouse South Lamar
655,Guess Who,2005,Comedy,A black man (Bernie Mac) meets his daughter's (Zoe Saldana) white boyfriend (Ashton Kutcher).,117,Borat Subsequent Moviefilm,2020,Kazakh funnyman Borat risks life and limb when he returns to America with his 15-year-old daughter.,Alamo Drafthouse South Lamar
656,Guess Who,2005,Comedy,A black man (Bernie Mac) meets his daughter's (Zoe Saldana) white boyfriend (Ashton Kutcher).,117,Mean Girls,2004,A teen (Lindsay Lohan) becomes friends with three cruel schoolmates.,Alamo Drafthouse South Lamar
657,Guess Who,2005,Comedy,A black man (Bernie Mac) meets his daughter's (Zoe Saldana) white boyfriend (Ashton Kutcher).,117,Tom & Jerry,2021,A desperate event planner hires Tom to get rid of Jerry before he ruins a fancy wedding at a hotel.,AMC Barton Creek Square 14
658,Guess Who,2005,Comedy,A black man (Bernie Mac) meets his daughter's (Zoe Saldana) white boyfriend (Ashton Kutcher).,117,Jathi Ratnalu,2021,Three men search for love and happiness after leaving prison.,Galaxy Highland
659,Guess Who,2005,Comedy,A black man (Bernie Mac) meets his daughter's (Zoe Saldana) white boyfriend (Ashton Kutcher).,117,Private Screening,2021,Three men search for love and happiness after leaving prison.,Galaxy Highland
660,Envy,2004,Comedy,A man (Ben Stiller) becomes jealous of his wealthy friend (Jack Black).,535,Monty Python and the Holy Grail,1975,A lackey follows as King Arthur (Graham Chapman) goes questing.,Alamo Drafthouse South Lamar
661,Envy,2004,Comedy,A man (Ben Stiller) becomes jealous of his wealthy friend (Jack Black).,535,Spaceballs,1987,President Skroob (Mel Brooks) pits heroes against an evil foe (Rick Moranis).,Alamo Drafthouse South Lamar
662,Envy,2004,Comedy,A man (Ben Stiller) becomes jealous of his wealthy friend (Jack Black).,535,Borat Subsequent Moviefilm,2020,Kazakh funnyman Borat risks life and limb when he returns to America with his 15-year-old daughter.,Alamo Drafthouse South Lamar
663,Envy,2004,Comedy,A man (Ben Stiller) becomes jealous of his wealthy friend (Jack Black).,535,Mean Girls,2004,A teen (Lindsay Lohan) becomes friends with three cruel schoolmates.,Alamo Drafthouse South Lamar
664,Envy,2004,Comedy,A man (Ben Stiller) becomes jealous of his wealthy friend (Jack Black).,535,Tom & Jerry,2021,A desperate event planner hires Tom to get rid of Jerry before he ruins a fancy wedding at a hotel.,AMC Barton Creek Square 14
665,Envy,2004,Comedy,A man (Ben Stiller) becomes jealous of his wealthy friend (Jack Black).,535,Jathi Ratnalu,2021,Three men search for love and happiness after leaving prison.,Galaxy Highland
666,Envy,2004,Comedy,A man (Ben Stiller) becomes jealous of his wealthy friend (Jack Black).,535,Private Screening,2021,Three men search for love and happiness after leaving prison.,Galaxy Highland
667,Epic Movie,2007,Comedy,Four adult orphans have an incredible adventure in a spoof of blockbuster films.,533,Monty Python and the Holy Grail,1975,A lackey follows as King Arthur (Graham Chapman) goes questing.,Alamo Drafthouse South Lamar
668,Epic Movie,2007,Comedy,Four adult orphans have an incredible adventure in a spoof of blockbuster films.,533,Spaceballs,1987,President Skroob (Mel Brooks) pits heroes against an evil foe (Rick Moranis).,Alamo Drafthouse South Lamar
669,Epic Movie,2007,Comedy,Four adult orphans have an incredible adventure in a spoof of blockbuster films.,533,Borat Subsequent Moviefilm,2020,Kazakh funnyman Borat risks life and limb when he returns to America with his 15-year-old daughter.,Alamo Drafthouse South Lamar
670,Epic Movie,2007,Comedy,Four adult orphans have an incredible adventure in a spoof of blockbuster films.,533,Mean Girls,2004,A teen (Lindsay Lohan) becomes friends with three cruel schoolmates.,Alamo Drafthouse South Lamar
671,Epic Movie,2007,Comedy,Four adult orphans have an incredible adventure in a spoof of blockbuster films.,533,Tom & Jerry,2021,A desperate event planner hires Tom to get rid of Jerry before he ruins a fancy wedding at a hotel.,AMC Barton Creek Square 14
672,Epic Movie,2007,Comedy,Four adult orphans have an incredible adventure in a spoof of blockbuster films.,533,Jathi Ratnalu,2021,Three men search for love and happiness after leaving prison.,Galaxy Highland
673,Epic Movie,2007,Comedy,Four adult orphans have an incredible adventure in a spoof of blockbuster films.,533,Private Screening,2021,Three men search for love and happiness after leaving prison.,Galaxy Highland
674,Madea's Family Reunion,2006,Comedy,A Southern matriarch (Tyler Perry) must keep the peace while planning a family reunion.,552,Monty Python and the Holy Grail,1975,A lackey follows as King Arthur (Graham Chapman) goes questing.,Alamo Drafthouse South Lamar
675,Madea's Family Reunion,2006,Comedy,A Southern matriarch (Tyler Perry) must keep the peace while planning a family reunion.,552,Spaceballs,1987,President Skroob (Mel Brooks) pits heroes against an evil foe (Rick Moranis).,Alamo Drafthouse South Lamar
676,Madea's Family Reunion,2006,Comedy,A Southern matriarch (Tyler Perry) must keep the peace while planning a family reunion.,552,Borat Subsequent Moviefilm,2020,Kazakh funnyman Borat risks life and limb when he returns to America with his 15-year-old daughter.,Alamo Drafthouse South Lamar
677,Madea's Family Reunion,2006,Comedy,A Southern matriarch (Tyler Perry) must keep the peace while planning a family reunion.,552,Mean Girls,2004,A teen (Lindsay Lohan) becomes friends with three cruel schoolmates.,Alamo Drafthouse South Lamar
678,Madea's Family Reunion,2006,Comedy,A Southern matriarch (Tyler Perry) must keep the peace while planning a family reunion.,552,Tom & Jerry,2021,A desperate event planner hires Tom to get rid of Jerry before he ruins a fancy wedding at a hotel.,AMC Barton Creek Square 14
679,Madea's Family Reunion,2006,Comedy,A Southern matriarch (Tyler Perry) must keep the peace while planning a family reunion.,552,Jathi Ratnalu,2021,Three men search for love and happiness after leaving prison.,Galaxy Highland
680,Madea's Family Reunion,2006,Comedy,A Southern matriarch (Tyler Perry) must keep the peace while planning a family reunion.,552,Private Screening,2021,Three men search for love and happiness after leaving prison.,Galaxy Highland
681,Never Goin' Back,2018,Comedy,Stoned best friends go to increasingly absurd lengths to get cash for a wild beach trip.,556,Monty Python and the Holy Grail,1975,A lackey follows as King Arthur (Graham Chapman) goes questing.,Alamo Drafthouse South Lamar
682,Never Goin' Back,2018,Comedy,Stoned best friends go to increasingly absurd lengths to get cash for a wild beach trip.,556,Spaceballs,1987,President Skroob (Mel Brooks) pits heroes against an evil foe (Rick Moranis).,Alamo Drafthouse South Lamar
683,Never Goin' Back,2018,Comedy,Stoned best friends go to increasingly absurd lengths to get cash for a wild beach trip.,556,Borat Subsequent Moviefilm,2020,Kazakh funnyman Borat risks life and limb when he returns to America with his 15-year-old daughter.,Alamo Drafthouse South Lamar
684,Never Goin' Back,2018,Comedy,Stoned best friends go to increasingly absurd lengths to get cash for a wild beach trip.,556,Mean Girls,2004,A teen (Lindsay Lohan) becomes friends with three cruel schoolmates.,Alamo Drafthouse South Lamar
685,Never Goin' Back,2018,Comedy,Stoned best friends go to increasingly absurd lengths to get cash for a wild beach trip.,556,Tom & Jerry,2021,A desperate event planner hires Tom to get rid of Jerry before he ruins a fancy wedding at a hotel.,AMC Barton Creek Square 14
686,Never Goin' Back,2018,Comedy,Stoned best friends go to increasingly absurd lengths to get cash for a wild beach trip.,556,Jathi Ratnalu,2021,Three men search for love and happiness after leaving prison.,Galaxy Highland
687,Never Goin' Back,2018,Comedy,Stoned best friends go to increasingly absurd lengths to get cash for a wild beach trip.,556,Private Screening,2021,Three men search for love and happiness after leaving prison.,Galaxy Highland
688,Phat Beach,1996,Comedy,"Teens (Jermaine Hopkins, Brian Hooks) sell cheap sunglasses in Southern California.",583,Monty Python and the Holy Grail,1975,A lackey follows as King Arthur (Graham Chapman) goes questing.,Alamo Drafthouse South Lamar
689,Phat Beach,1996,Comedy,"Teens (Jermaine Hopkins, Brian Hooks) sell cheap sunglasses in Southern California.",583,Spaceballs,1987,President Skroob (Mel Brooks) pits heroes against an evil foe (Rick Moranis).,Alamo Drafthouse South Lamar
690,Phat Beach,1996,Comedy,"Teens (Jermaine Hopkins, Brian Hooks) sell cheap sunglasses in Southern California.",583,Borat Subsequent Moviefilm,2020,Kazakh funnyman Borat risks life and limb when he returns to America with his 15-year-old daughter.,Alamo Drafthouse South Lamar
691,Phat Beach,1996,Comedy,"Teens (Jermaine Hopkins, Brian Hooks) sell cheap sunglasses in Southern California.",583,Mean Girls,2004,A teen (Lindsay Lohan) becomes friends with three cruel schoolmates.,Alamo Drafthouse South Lamar
692,Phat Beach,1996,Comedy,"Teens (Jermaine Hopkins, Brian Hooks) sell cheap sunglasses in Southern California.",583,Tom & Jerry,2021,A desperate event planner hires Tom to get rid of Jerry before he ruins a fancy wedding at a hotel.,AMC Barton Creek Square 14
693,Phat Beach,1996,Comedy,"Teens (Jermaine Hopkins, Brian Hooks) sell cheap sunglasses in Southern California.",583,Jathi Ratnalu,2021,Three men search for love and happiness after leaving prison.,Galaxy Highland
694,Phat Beach,1996,Comedy,"Teens (Jermaine Hopkins, Brian Hooks) sell cheap sunglasses in Southern California.",583,Private Screening,2021,Three men search for love and happiness after leaving prison.,Galaxy Highland
695,The Hustle,2019,Comedy,Two female grifters join forces to swindle a naive tech billionaire in the South of France.,596,Monty Python and the Holy Grail,1975,A lackey follows as King Arthur (Graham Chapman) goes questing.,Alamo Drafthouse South Lamar
696,The Hustle,2019,Comedy,Two female grifters join forces to swindle a naive tech billionaire in the South of France.,596,Spaceballs,1987,President Skroob (Mel Brooks) pits heroes against an evil foe (Rick Moranis).,Alamo Drafthouse South Lamar
697,The Hustle,2019,Comedy,Two female grifters join forces to swindle a naive tech billionaire in the South of France.,596,Borat Subsequent Moviefilm,2020,Kazakh funnyman Borat risks life and limb when he returns to America with his 15-year-old daughter.,Alamo Drafthouse South Lamar
698,The Hustle,2019,Comedy,Two female grifters join forces to swindle a naive tech billionaire in the South of France.,596,Mean Girls,2004,A teen (Lindsay Lohan) becomes friends with three cruel schoolmates.,Alamo Drafthouse South Lamar
699,The Hustle,2019,Comedy,Two female grifters join forces to swindle a naive tech billionaire in the South of France.,596,Tom & Jerry,2021,A desperate event planner hires Tom to get rid of Jerry before he ruins a fancy wedding at a hotel.,AMC Barton Creek Square 14
700,The Hustle,2019,Comedy,Two female grifters join forces to swindle a naive tech billionaire in the South of France.,596,Jathi Ratnalu,2021,Three men search for love and happiness after leaving prison.,Galaxy Highland
701,The Hustle,2019,Comedy,Two female grifters join forces to swindle a naive tech billionaire in the South of France.,596,Private Screening,2021,Three men search for love and happiness after leaving prison.,Galaxy Highland
702,Alvin and the Chipmunks Meet the Wolfman,2000,Comedy,Alvin tries to convince everyone that the neighbor from a creepy old house is a werewolf.,584,Monty Python and the Holy Grail,1975,A lackey follows as King Arthur (Graham Chapman) goes questing.,Alamo Drafthouse South Lamar
703,Alvin and the Chipmunks Meet the Wolfman,2000,Comedy,Alvin tries to convince everyone that the neighbor from a creepy old house is a werewolf.,584,Spaceballs,1987,President Skroob (Mel Brooks) pits heroes against an evil foe (Rick Moranis).,Alamo Drafthouse South Lamar
704,Alvin and the Chipmunks Meet the Wolfman,2000,Comedy,Alvin tries to convince everyone that the neighbor from a creepy old house is a werewolf.,584,Borat Subsequent Moviefilm,2020,Kazakh funnyman Borat risks life and limb when he returns to America with his 15-year-old daughter.,Alamo Drafthouse South Lamar
705,Alvin and the Chipmunks Meet the Wolfman,2000,Comedy,Alvin tries to convince everyone that the neighbor from a creepy old house is a werewolf.,584,Mean Girls,2004,A teen (Lindsay Lohan) becomes friends with three cruel schoolmates.,Alamo Drafthouse South Lamar
706,Alvin and the Chipmunks Meet the Wolfman,2000,Comedy,Alvin tries to convince everyone that the neighbor from a creepy old house is a werewolf.,584,Tom & Jerry,2021,A desperate event planner hires Tom to get rid of Jerry before he ruins a fancy wedding at a hotel.,AMC Barton Creek Square 14
707,Alvin and the Chipmunks Meet the Wolfman,2000,Comedy,Alvin tries to convince everyone that the neighbor from a creepy old house is a werewolf.,584,Jathi Ratnalu,2021,Three men search for love and happiness after leaving prison.,Galaxy Highland
708,Alvin and the Chipmunks Meet the Wolfman,2000,Comedy,Alvin tries to convince everyone that the neighbor from a creepy old house is a werewolf.,584,Private Screening,2021,Three men search for love and happiness after leaving prison.,Galaxy Highland
709,Martin Lawrence Live: Runteldat,2002,Comedy,"Filmmaker David Raynr captures the comic performing his stand-up routine in Washington, D.C.",572,Monty Python and the Holy Grail,1975,A lackey follows as King Arthur (Graham Chapman) goes questing.,Alamo Drafthouse South Lamar
710,Martin Lawrence Live: Runteldat,2002,Comedy,"Filmmaker David Raynr captures the comic performing his stand-up routine in Washington, D.C.",572,Spaceballs,1987,President Skroob (Mel Brooks) pits heroes against an evil foe (Rick Moranis).,Alamo Drafthouse South Lamar
711,Martin Lawrence Live: Runteldat,2002,Comedy,"Filmmaker David Raynr captures the comic performing his stand-up routine in Washington, D.C.",572,Borat Subsequent Moviefilm,2020,Kazakh funnyman Borat risks life and limb when he returns to America with his 15-year-old daughter.,Alamo Drafthouse South Lamar
712,Martin Lawrence Live: Runteldat,2002,Comedy,"Filmmaker David Raynr captures the comic performing his stand-up routine in Washington, D.C.",572,Mean Girls,2004,A teen (Lindsay Lohan) becomes friends with three cruel schoolmates.,Alamo Drafthouse South Lamar
713,Martin Lawrence Live: Runteldat,2002,Comedy,"Filmmaker David Raynr captures the comic performing his stand-up routine in Washington, D.C.",572,Tom & Jerry,2021,A desperate event planner hires Tom to get rid of Jerry before he ruins a fancy wedding at a hotel.,AMC Barton Creek Square 14
714,Martin Lawrence Live: Runteldat,2002,Comedy,"Filmmaker David Raynr captures the comic performing his stand-up routine in Washington, D.C.",572,Jathi Ratnalu,2021,Three men search for love and happiness after leaving prison.,Galaxy Highland
715,Martin Lawrence Live: Runteldat,2002,Comedy,"Filmmaker David Raynr captures the comic performing his stand-up routine in Washington, D.C.",572,Private Screening,2021,Three men search for love and happiness after leaving prison.,Galaxy Highland
716,Bill & Ted's Excellent Adventure,1989,Comedy,"Dopey dudes (Keanu Reeves, Alex Winter) time-travel to fetch celebrities for a school project.",515,Monty Python and the Holy Grail,1975,A lackey follows as King Arthur (Graham Chapman) goes questing.,Alamo Drafthouse South Lamar
717,Bill & Ted's Excellent Adventure,1989,Comedy,"Dopey dudes (Keanu Reeves, Alex Winter) time-travel to fetch celebrities for a school project.",515,Spaceballs,1987,President Skroob (Mel Brooks) pits heroes against an evil foe (Rick Moranis).,Alamo Drafthouse South Lamar
718,Bill & Ted's Excellent Adventure,1989,Comedy,"Dopey dudes (Keanu Reeves, Alex Winter) time-travel to fetch celebrities for a school project.",515,Borat Subsequent Moviefilm,2020,Kazakh funnyman Borat risks life and limb when he returns to America with his 15-year-old daughter.,Alamo Drafthouse South Lamar
719,Bill & Ted's Excellent Adventure,1989,Comedy,"Dopey dudes (Keanu Reeves, Alex Winter) time-travel to fetch celebrities for a school project.",515,Mean Girls,2004,A teen (Lindsay Lohan) becomes friends with three cruel schoolmates.,Alamo Drafthouse South Lamar
720,Bill & Ted's Excellent Adventure,1989,Comedy,"Dopey dudes (Keanu Reeves, Alex Winter) time-travel to fetch celebrities for a school project.",515,Tom & Jerry,2021,A desperate event planner hires Tom to get rid of Jerry before he ruins a fancy wedding at a hotel.,AMC Barton Creek Square 14
721,Bill & Ted's Excellent Adventure,1989,Comedy,"Dopey dudes (Keanu Reeves, Alex Winter) time-travel to fetch celebrities for a school project.",515,Jathi Ratnalu,2021,Three men search for love and happiness after leaving prison.,Galaxy Highland
722,Bill & Ted's Excellent Adventure,1989,Comedy,"Dopey dudes (Keanu Reeves, Alex Winter) time-travel to fetch celebrities for a school project.",515,Private Screening,2021,Three men search for love and happiness after leaving prison.,Galaxy Highland
723,Grudge Match,2013,Comedy,A boxing promoter offers two rival boxers the chance to come out of retirement for one final bout.,522,Monty Python and the Holy Grail,1975,A lackey follows as King Arthur (Graham Chapman) goes questing.,Alamo Drafthouse South Lamar
724,Grudge Match,2013,Comedy,A boxing promoter offers two rival boxers the chance to come out of retirement for one final bout.,522,Spaceballs,1987,President Skroob (Mel Brooks) pits heroes against an evil foe (Rick Moranis).,Alamo Drafthouse South Lamar
725,Grudge Match,2013,Comedy,A boxing promoter offers two rival boxers the chance to come out of retirement for one final bout.,522,Borat Subsequent Moviefilm,2020,Kazakh funnyman Borat risks life and limb when he returns to America with his 15-year-old daughter.,Alamo Drafthouse South Lamar
726,Grudge Match,2013,Comedy,A boxing promoter offers two rival boxers the chance to come out of retirement for one final bout.,522,Mean Girls,2004,A teen (Lindsay Lohan) becomes friends with three cruel schoolmates.,Alamo Drafthouse South Lamar
727,Grudge Match,2013,Comedy,A boxing promoter offers two rival boxers the chance to come out of retirement for one final bout.,522,Tom & Jerry,2021,A desperate event planner hires Tom to get rid of Jerry before he ruins a fancy wedding at a hotel.,AMC Barton Creek Square 14
728,Grudge Match,2013,Comedy,A boxing promoter offers two rival boxers the chance to come out of retirement for one final bout.,522,Jathi Ratnalu,2021,Three men search for love and happiness after leaving prison.,Galaxy Highland
729,Grudge Match,2013,Comedy,A boxing promoter offers two rival boxers the chance to come out of retirement for one final bout.,522,Private Screening,2021,Three men search for love and happiness after leaving prison.,Galaxy Highland
730,El camino de los espantos,1967,Comedy,Una tormenta lleva a un grupo de personas viajeras hacia un camino hechizado.,935,Monty Python and the Holy Grail,1975,A lackey follows as King Arthur (Graham Chapman) goes questing.,Alamo Drafthouse South Lamar
731,El camino de los espantos,1967,Comedy,Una tormenta lleva a un grupo de personas viajeras hacia un camino hechizado.,935,Spaceballs,1987,President Skroob (Mel Brooks) pits heroes against an evil foe (Rick Moranis).,Alamo Drafthouse South Lamar
732,El camino de los espantos,1967,Comedy,Una tormenta lleva a un grupo de personas viajeras hacia un camino hechizado.,935,Borat Subsequent Moviefilm,2020,Kazakh funnyman Borat risks life and limb when he returns to America with his 15-year-old daughter.,Alamo Drafthouse South Lamar
733,El camino de los espantos,1967,Comedy,Una tormenta lleva a un grupo de personas viajeras hacia un camino hechizado.,935,Mean Girls,2004,A teen (Lindsay Lohan) becomes friends with three cruel schoolmates.,Alamo Drafthouse South Lamar
734,El camino de los espantos,1967,Comedy,Una tormenta lleva a un grupo de personas viajeras hacia un camino hechizado.,935,Tom & Jerry,2021,A desperate event planner hires Tom to get rid of Jerry before he ruins a fancy wedding at a hotel.,AMC Barton Creek Square 14
735,El camino de los espantos,1967,Comedy,Una tormenta lleva a un grupo de personas viajeras hacia un camino hechizado.,935,Jathi Ratnalu,2021,Three men search for love and happiness after leaving prison.,Galaxy Highland
736,El camino de los espantos,1967,Comedy,Una tormenta lleva a un grupo de personas viajeras hacia un camino hechizado.,935,Private Screening,2021,Three men search for love and happiness after leaving prison.,Galaxy Highland
737,Stealing Harvard,2002,Comedy,"Two men (Jason Lee, Tom Green) resort to robbery to pay for college tuition.",581,Monty Python and the Holy Grail,1975,A lackey follows as King Arthur (Graham Chapman) goes questing.,Alamo Drafthouse South Lamar
738,Stealing Harvard,2002,Comedy,"Two men (Jason Lee, Tom Green) resort to robbery to pay for college tuition.",581,Spaceballs,1987,President Skroob (Mel Brooks) pits heroes against an evil foe (Rick Moranis).,Alamo Drafthouse South Lamar
739,Stealing Harvard,2002,Comedy,"Two men (Jason Lee, Tom Green) resort to robbery to pay for college tuition.",581,Borat Subsequent Moviefilm,2020,Kazakh funnyman Borat risks life and limb when he returns to America with his 15-year-old daughter.,Alamo Drafthouse South Lamar
740,Stealing Harvard,2002,Comedy,"Two men (Jason Lee, Tom Green) resort to robbery to pay for college tuition.",581,Mean Girls,2004,A teen (Lindsay Lohan) becomes friends with three cruel schoolmates.,Alamo Drafthouse South Lamar
741,Stealing Harvard,2002,Comedy,"Two men (Jason Lee, Tom Green) resort to robbery to pay for college tuition.",581,Tom & Jerry,2021,A desperate event planner hires Tom to get rid of Jerry before he ruins a fancy wedding at a hotel.,AMC Barton Creek Square 14
742,Stealing Harvard,2002,Comedy,"Two men (Jason Lee, Tom Green) resort to robbery to pay for college tuition.",581,Jathi Ratnalu,2021,Three men search for love and happiness after leaving prison.,Galaxy Highland
743,Stealing Harvard,2002,Comedy,"Two men (Jason Lee, Tom Green) resort to robbery to pay for college tuition.",581,Private Screening,2021,Three men search for love and happiness after leaving prison.,Galaxy Highland
744,Investigador privado...muy privado,1989,Comedy,Un gracioso detective siempre estropea sus investigaciones secretas.,980,Monty Python and the Holy Grail,1975,A lackey follows as King Arthur (Graham Chapman) goes questing.,Alamo Drafthouse South Lamar
745,Investigador privado...muy privado,1989,Comedy,Un gracioso detective siempre estropea sus investigaciones secretas.,980,Spaceballs,1987,President Skroob (Mel Brooks) pits heroes against an evil foe (Rick Moranis).,Alamo Drafthouse South Lamar
746,Investigador privado...muy privado,1989,Comedy,Un gracioso detective siempre estropea sus investigaciones secretas.,980,Borat Subsequent Moviefilm,2020,Kazakh funnyman Borat risks life and limb when he returns to America with his 15-year-old daughter.,Alamo Drafthouse South Lamar
747,Investigador privado...muy privado,1989,Comedy,Un gracioso detective siempre estropea sus investigaciones secretas.,980,Mean Girls,2004,A teen (Lindsay Lohan) becomes friends with three cruel schoolmates.,Alamo Drafthouse South Lamar
748,Investigador privado...muy privado,1989,Comedy,Un gracioso detective siempre estropea sus investigaciones secretas.,980,Tom & Jerry,2021,A desperate event planner hires Tom to get rid of Jerry before he ruins a fancy wedding at a hotel.,AMC Barton Creek Square 14
749,Investigador privado...muy privado,1989,Comedy,Un gracioso detective siempre estropea sus investigaciones secretas.,980,Jathi Ratnalu,2021,Three men search for love and happiness after leaving prison.,Galaxy Highland
750,Investigador privado...muy privado,1989,Comedy,Un gracioso detective siempre estropea sus investigaciones secretas.,980,Private Screening,2021,Three men search for love and happiness after leaving prison.,Galaxy Highland
751,The Big Bad Fox and Other Tales...,2017,Comedy,The countryside isn't always as calm and peaceful as it's made out to be.,584,Monty Python and the Holy Grail,1975,A lackey follows as King Arthur (Graham Chapman) goes questing.,Alamo Drafthouse South Lamar
752,The Big Bad Fox and Other Tales...,2017,Comedy,The countryside isn't always as calm and peaceful as it's made out to be.,584,Spaceballs,1987,President Skroob (Mel Brooks) pits heroes against an evil foe (Rick Moranis).,Alamo Drafthouse South Lamar
753,The Big Bad Fox and Other Tales...,2017,Comedy,The countryside isn't always as calm and peaceful as it's made out to be.,584,Borat Subsequent Moviefilm,2020,Kazakh funnyman Borat risks life and limb when he returns to America with his 15-year-old daughter.,Alamo Drafthouse South Lamar
754,The Big Bad Fox and Other Tales...,2017,Comedy,The countryside isn't always as calm and peaceful as it's made out to be.,584,Mean Girls,2004,A teen (Lindsay Lohan) becomes friends with three cruel schoolmates.,Alamo Drafthouse South Lamar
755,The Big Bad Fox and Other Tales...,2017,Comedy,The countryside isn't always as calm and peaceful as it's made out to be.,584,Tom & Jerry,2021,A desperate event planner hires Tom to get rid of Jerry before he ruins a fancy wedding at a hotel.,AMC Barton Creek Square 14
756,The Big Bad Fox and Other Tales...,2017,Comedy,The countryside isn't always as calm and peaceful as it's made out to be.,584,Jathi Ratnalu,2021,Three men search for love and happiness after leaving prison.,Galaxy Highland
757,The Big Bad Fox and Other Tales...,2017,Comedy,The countryside isn't always as calm and peaceful as it's made out to be.,584,Private Screening,2021,Three men search for love and happiness after leaving prison.,Galaxy Highland
758,30 Nights of Paranormal Activity with the Devil Inside the Girl with the Dragon Tattoo,2013,Comedy,A young woman is released from a psychiatric hospital and returns to her father's house.,621,Monty Python and the Holy Grail,1975,A lackey follows as King Arthur (Graham Chapman) goes questing.,Alamo Drafthouse South Lamar
759,30 Nights of Paranormal Activity with the Devil Inside the Girl with the Dragon Tattoo,2013,Comedy,A young woman is released from a psychiatric hospital and returns to her father's house.,621,Spaceballs,1987,President Skroob (Mel Brooks) pits heroes against an evil foe (Rick Moranis).,Alamo Drafthouse South Lamar
760,30 Nights of Paranormal Activity with the Devil Inside the Girl with the Dragon Tattoo,2013,Comedy,A young woman is released from a psychiatric hospital and returns to her father's house.,621,Borat Subsequent Moviefilm,2020,Kazakh funnyman Borat risks life and limb when he returns to America with his 15-year-old daughter.,Alamo Drafthouse South Lamar
761,30 Nights of Paranormal Activity with the Devil Inside the Girl with the Dragon Tattoo,2013,Comedy,A young woman is released from a psychiatric hospital and returns to her father's house.,621,Mean Girls,2004,A teen (Lindsay Lohan) becomes friends with three cruel schoolmates.,Alamo Drafthouse South Lamar
762,30 Nights of Paranormal Activity with the Devil Inside the Girl with the Dragon Tattoo,2013,Comedy,A young woman is released from a psychiatric hospital and returns to her father's house.,621,Tom & Jerry,2021,A desperate event planner hires Tom to get rid of Jerry before he ruins a fancy wedding at a hotel.,AMC Barton Creek Square 14
763,30 Nights of Paranormal Activity with the Devil Inside the Girl with the Dragon Tattoo,2013,Comedy,A young woman is released from a psychiatric hospital and returns to her father's house.,621,Jathi Ratnalu,2021,Three men search for love and happiness after leaving prison.,Galaxy Highland
764,30 Nights of Paranormal Activity with the Devil Inside the Girl with the Dragon Tattoo,2013,Comedy,A young woman is released from a psychiatric hospital and returns to her father's house.,621,Private Screening,2021,Three men search for love and happiness after leaving prison.,Galaxy Highland
765,Bill & Ted's Bogus Journey,1991,Comedy,"Grim Reaper (William Sadler) helps dopes (Keanu Reeves, Alex Winter) stop their evil robot twins.",512,Monty Python and the Holy Grail,1975,A lackey follows as King Arthur (Graham Chapman) goes questing.,Alamo Drafthouse South Lamar
766,Bill & Ted's Bogus Journey,1991,Comedy,"Grim Reaper (William Sadler) helps dopes (Keanu Reeves, Alex Winter) stop their evil robot twins.",512,Spaceballs,1987,President Skroob (Mel Brooks) pits heroes against an evil foe (Rick Moranis).,Alamo Drafthouse South Lamar
767,Bill & Ted's Bogus Journey,1991,Comedy,"Grim Reaper (William Sadler) helps dopes (Keanu Reeves, Alex Winter) stop their evil robot twins.",512,Borat Subsequent Moviefilm,2020,Kazakh funnyman Borat risks life and limb when he returns to America with his 15-year-old daughter.,Alamo Drafthouse South Lamar
768,Bill & Ted's Bogus Journey,1991,Comedy,"Grim Reaper (William Sadler) helps dopes (Keanu Reeves, Alex Winter) stop their evil robot twins.",512,Mean Girls,2004,A teen (Lindsay Lohan) becomes friends with three cruel schoolmates.,Alamo Drafthouse South Lamar
769,Bill & Ted's Bogus Journey,1991,Comedy,"Grim Reaper (William Sadler) helps dopes (Keanu Reeves, Alex Winter) stop their evil robot twins.",512,Tom & Jerry,2021,A desperate event planner hires Tom to get rid of Jerry before he ruins a fancy wedding at a hotel.,AMC Barton Creek Square 14
770,Bill & Ted's Bogus Journey,1991,Comedy,"Grim Reaper (William Sadler) helps dopes (Keanu Reeves, Alex Winter) stop their evil robot twins.",512,Jathi Ratnalu,2021,Three men search for love and happiness after leaving prison.,Galaxy Highland
771,Bill & Ted's Bogus Journey,1991,Comedy,"Grim Reaper (William Sadler) helps dopes (Keanu Reeves, Alex Winter) stop their evil robot twins.",512,Private Screening,2021,Three men search for love and happiness after leaving prison.,Galaxy Highland
772,Deerskin,2019,Comedy,A drifter becomes obsessed with a fringed deerskin jacket that seems to hold mystical powers.,519,Monty Python and the Holy Grail,1975,A lackey follows as King Arthur (Graham Chapman) goes questing.,Alamo Drafthouse South Lamar
773,Deerskin,2019,Comedy,A drifter becomes obsessed with a fringed deerskin jacket that seems to hold mystical powers.,519,Spaceballs,1987,President Skroob (Mel Brooks) pits heroes against an evil foe (Rick Moranis).,Alamo Drafthouse South Lamar
774,Deerskin,2019,Comedy,A drifter becomes obsessed with a fringed deerskin jacket that seems to hold mystical powers.,519,Borat Subsequent Moviefilm,2020,Kazakh funnyman Borat risks life and limb when he returns to America with his 15-year-old daughter.,Alamo Drafthouse South Lamar
775,Deerskin,2019,Comedy,A drifter becomes obsessed with a fringed deerskin jacket that seems to hold mystical powers.,519,Mean Girls,2004,A teen (Lindsay Lohan) becomes friends with three cruel schoolmates.,Alamo Drafthouse South Lamar
776,Deerskin,2019,Comedy,A drifter becomes obsessed with a fringed deerskin jacket that seems to hold mystical powers.,519,Tom & Jerry,2021,A desperate event planner hires Tom to get rid of Jerry before he ruins a fancy wedding at a hotel.,AMC Barton Creek Square 14
777,Deerskin,2019,Comedy,A drifter becomes obsessed with a fringed deerskin jacket that seems to hold mystical powers.,519,Jathi Ratnalu,2021,Three men search for love and happiness after leaving prison.,Galaxy Highland
778,Deerskin,2019,Comedy,A drifter becomes obsessed with a fringed deerskin jacket that seems to hold mystical powers.,519,Private Screening,2021,Three men search for love and happiness after leaving prison.,Galaxy Highland
779,Stripes,1981,Comedy,Lazy cabby (Bill Murray) and bored buddy (Harold Ramis) join Army.,609,Monty Python and the Holy Grail,1975,A lackey follows as King Arthur (Graham Chapman) goes questing.,Alamo Drafthouse South Lamar
780,Stripes,1981,Comedy,Lazy cabby (Bill Murray) and bored buddy (Harold Ramis) join Army.,609,Spaceballs,1987,President Skroob (Mel Brooks) pits heroes against an evil foe (Rick Moranis).,Alamo Drafthouse South Lamar
781,Stripes,1981,Comedy,Lazy cabby (Bill Murray) and bored buddy (Harold Ramis) join Army.,609,Borat Subsequent Moviefilm,2020,Kazakh funnyman Borat risks life and limb when he returns to America with his 15-year-old daughter.,Alamo Drafthouse South Lamar
782,Stripes,1981,Comedy,Lazy cabby (Bill Murray) and bored buddy (Harold Ramis) join Army.,609,Mean Girls,2004,A teen (Lindsay Lohan) becomes friends with three cruel schoolmates.,Alamo Drafthouse South Lamar
783,Stripes,1981,Comedy,Lazy cabby (Bill Murray) and bored buddy (Harold Ramis) join Army.,609,Tom & Jerry,2021,A desperate event planner hires Tom to get rid of Jerry before he ruins a fancy wedding at a hotel.,AMC Barton Creek Square 14
784,Stripes,1981,Comedy,Lazy cabby (Bill Murray) and bored buddy (Harold Ramis) join Army.,609,Jathi Ratnalu,2021,Three men search for love and happiness after leaving prison.,Galaxy Highland
785,Stripes,1981,Comedy,Lazy cabby (Bill Murray) and bored buddy (Harold Ramis) join Army.,609,Private Screening,2021,Three men search for love and happiness after leaving prison.,Galaxy Highland
786,Amor cuesta arriba,2015,Comedy,Pablo mantiene intacto el amor platónico de la adolescencia por Daniela y trata de conquistarla.,971,Monty Python and the Holy Grail,1975,A lackey follows as King Arthur (Graham Chapman) goes questing.,Alamo Drafthouse South Lamar
787,Amor cuesta arriba,2015,Comedy,Pablo mantiene intacto el amor platónico de la adolescencia por Daniela y trata de conquistarla.,971,Spaceballs,1987,President Skroob (Mel Brooks) pits heroes against an evil foe (Rick Moranis).,Alamo Drafthouse South Lamar
788,Amor cuesta arriba,2015,Comedy,Pablo mantiene intacto el amor platónico de la adolescencia por Daniela y trata de conquistarla.,971,Borat Subsequent Moviefilm,2020,Kazakh funnyman Borat risks life and limb when he returns to America with his 15-year-old daughter.,Alamo Drafthouse South Lamar
789,Amor cuesta arriba,2015,Comedy,Pablo mantiene intacto el amor platónico de la adolescencia por Daniela y trata de conquistarla.,971,Mean Girls,2004,A teen (Lindsay Lohan) becomes friends with three cruel schoolmates.,Alamo Drafthouse South Lamar
790,Amor cuesta arriba,2015,Comedy,Pablo mantiene intacto el amor platónico de la adolescencia por Daniela y trata de conquistarla.,971,Tom & Jerry,2021,A desperate event planner hires Tom to get rid of Jerry before he ruins a fancy wedding at a hotel.,AMC Barton Creek Square 14
791,Amor cuesta arriba,2015,Comedy,Pablo mantiene intacto el amor platónico de la adolescencia por Daniela y trata de conquistarla.,971,Jathi Ratnalu,2021,Three men search for love and happiness after leaving prison.,Galaxy Highland
792,Amor cuesta arriba,2015,Comedy,Pablo mantiene intacto el amor platónico de la adolescencia por Daniela y trata de conquistarla.,971,Private Screening,2021,Three men search for love and happiness after leaving prison.,Galaxy Highland
793,Beethoven's 5th,2003,Comedy,Excited people want to use a lovable Saint Bernard to locate a buried fortune.,620,Monty Python and the Holy Grail,1975,A lackey follows as King Arthur (Graham Chapman) goes questing.,Alamo Drafthouse South Lamar
794,Beethoven's 5th,2003,Comedy,Excited people want to use a lovable Saint Bernard to locate a buried fortune.,620,Spaceballs,1987,President Skroob (Mel Brooks) pits heroes against an evil foe (Rick Moranis).,Alamo Drafthouse South Lamar
795,Beethoven's 5th,2003,Comedy,Excited people want to use a lovable Saint Bernard to locate a buried fortune.,620,Borat Subsequent Moviefilm,2020,Kazakh funnyman Borat risks life and limb when he returns to America with his 15-year-old daughter.,Alamo Drafthouse South Lamar
796,Beethoven's 5th,2003,Comedy,Excited people want to use a lovable Saint Bernard to locate a buried fortune.,620,Mean Girls,2004,A teen (Lindsay Lohan) becomes friends with three cruel schoolmates.,Alamo Drafthouse South Lamar
797,Beethoven's 5th,2003,Comedy,Excited people want to use a lovable Saint Bernard to locate a buried fortune.,620,Tom & Jerry,2021,A desperate event planner hires Tom to get rid of Jerry before he ruins a fancy wedding at a hotel.,AMC Barton Creek Square 14
798,Beethoven's 5th,2003,Comedy,Excited people want to use a lovable Saint Bernard to locate a buried fortune.,620,Jathi Ratnalu,2021,Three men search for love and happiness after leaving prison.,Galaxy Highland
799,Beethoven's 5th,2003,Comedy,Excited people want to use a lovable Saint Bernard to locate a buried fortune.,620,Private Screening,2021,Three men search for love and happiness after leaving prison.,Galaxy Highland
800,Orange County,2002,Comedy,A mistake keeps a teen (Colin Hanks) out of his college of choice.,535,Monty Python and the Holy Grail,1975,A lackey follows as King Arthur (Graham Chapman) goes questing.,Alamo Drafthouse South Lamar
801,Orange County,2002,Comedy,A mistake keeps a teen (Colin Hanks) out of his college of choice.,535,Spaceballs,1987,President Skroob (Mel Brooks) pits heroes against an evil foe (Rick Moranis).,Alamo Drafthouse South Lamar
802,Orange County,2002,Comedy,A mistake keeps a teen (Colin Hanks) out of his college of choice.,535,Borat Subsequent Moviefilm,2020,Kazakh funnyman Borat risks life and limb when he returns to America with his 15-year-old daughter.,Alamo Drafthouse South Lamar
803,Orange County,2002,Comedy,A mistake keeps a teen (Colin Hanks) out of his college of choice.,535,Mean Girls,2004,A teen (Lindsay Lohan) becomes friends with three cruel schoolmates.,Alamo Drafthouse South Lamar
804,Orange County,2002,Comedy,A mistake keeps a teen (Colin Hanks) out of his college of choice.,535,Tom & Jerry,2021,A desperate event planner hires Tom to get rid of Jerry before he ruins a fancy wedding at a hotel.,AMC Barton Creek Square 14
805,Orange County,2002,Comedy,A mistake keeps a teen (Colin Hanks) out of his college of choice.,535,Jathi Ratnalu,2021,Three men search for love and happiness after leaving prison.,Galaxy Highland
806,Orange County,2002,Comedy,A mistake keeps a teen (Colin Hanks) out of his college of choice.,535,Private Screening,2021,Three men search for love and happiness after leaving prison.,Galaxy Highland
807,Epic Movie,2007,Comedy,Four adult orphans have an incredible adventure in a spoof of blockbuster films.,541,Monty Python and the Holy Grail,1975,A lackey follows as King Arthur (Graham Chapman) goes questing.,Alamo Drafthouse South Lamar
808,Epic Movie,2007,Comedy,Four adult orphans have an incredible adventure in a spoof of blockbuster films.,541,Spaceballs,1987,President Skroob (Mel Brooks) pits heroes against an evil foe (Rick Moranis).,Alamo Drafthouse South Lamar
809,Epic Movie,2007,Comedy,Four adult orphans have an incredible adventure in a spoof of blockbuster films.,541,Borat Subsequent Moviefilm,2020,Kazakh funnyman Borat risks life and limb when he returns to America with his 15-year-old daughter.,Alamo Drafthouse South Lamar
810,Epic Movie,2007,Comedy,Four adult orphans have an incredible adventure in a spoof of blockbuster films.,541,Mean Girls,2004,A teen (Lindsay Lohan) becomes friends with three cruel schoolmates.,Alamo Drafthouse South Lamar
811,Epic Movie,2007,Comedy,Four adult orphans have an incredible adventure in a spoof of blockbuster films.,541,Tom & Jerry,2021,A desperate event planner hires Tom to get rid of Jerry before he ruins a fancy wedding at a hotel.,AMC Barton Creek Square 14
812,Epic Movie,2007,Comedy,Four adult orphans have an incredible adventure in a spoof of blockbuster films.,541,Jathi Ratnalu,2021,Three men search for love and happiness after leaving prison.,Galaxy Highland
813,Epic Movie,2007,Comedy,Four adult orphans have an incredible adventure in a spoof of blockbuster films.,541,Private Screening,2021,Three men search for love and happiness after leaving prison.,Galaxy Highland
814,First Sunday,2008,Comedy,"Two bumbling thieves' (Ice Cube, Tracy Morgan) plan to rob a church goes awry.",586,Monty Python and the Holy Grail,1975,A lackey follows as King Arthur (Graham Chapman) goes questing.,Alamo Drafthouse South Lamar
815,First Sunday,2008,Comedy,"Two bumbling thieves' (Ice Cube, Tracy Morgan) plan to rob a church goes awry.",586,Spaceballs,1987,President Skroob (Mel Brooks) pits heroes against an evil foe (Rick Moranis).,Alamo Drafthouse South Lamar
816,First Sunday,2008,Comedy,"Two bumbling thieves' (Ice Cube, Tracy Morgan) plan to rob a church goes awry.",586,Borat Subsequent Moviefilm,2020,Kazakh funnyman Borat risks life and limb when he returns to America with his 15-year-old daughter.,Alamo Drafthouse South Lamar
817,First Sunday,2008,Comedy,"Two bumbling thieves' (Ice Cube, Tracy Morgan) plan to rob a church goes awry.",586,Mean Girls,2004,A teen (Lindsay Lohan) becomes friends with three cruel schoolmates.,Alamo Drafthouse South Lamar
818,First Sunday,2008,Comedy,"Two bumbling thieves' (Ice Cube, Tracy Morgan) plan to rob a church goes awry.",586,Tom & Jerry,2021,A desperate event planner hires Tom to get rid of Jerry before he ruins a fancy wedding at a hotel.,AMC Barton Creek Square 14
819,First Sunday,2008,Comedy,"Two bumbling thieves' (Ice Cube, Tracy Morgan) plan to rob a church goes awry.",586,Jathi Ratnalu,2021,Three men search for love and happiness after leaving prison.,Galaxy Highland
820,First Sunday,2008,Comedy,"Two bumbling thieves' (Ice Cube, Tracy Morgan) plan to rob a church goes awry.",586,Private Screening,2021,Three men search for love and happiness after leaving prison.,Galaxy Highland
821,Zoom,2006,Comedy,A former superhero (Tim Allen) becomes mentor to a ragtag group of young heroes-in-training.,584,Monty Python and the Holy Grail,1975,A lackey follows as King Arthur (Graham Chapman) goes questing.,Alamo Drafthouse South Lamar
822,Zoom,2006,Comedy,A former superhero (Tim Allen) becomes mentor to a ragtag group of young heroes-in-training.,584,Spaceballs,1987,President Skroob (Mel Brooks) pits heroes against an evil foe (Rick Moranis).,Alamo Drafthouse South Lamar
823,Zoom,2006,Comedy,A former superhero (Tim Allen) becomes mentor to a ragtag group of young heroes-in-training.,584,Borat Subsequent Moviefilm,2020,Kazakh funnyman Borat risks life and limb when he returns to America with his 15-year-old daughter.,Alamo Drafthouse South Lamar
824,Zoom,2006,Comedy,A former superhero (Tim Allen) becomes mentor to a ragtag group of young heroes-in-training.,584,Mean Girls,2004,A teen (Lindsay Lohan) becomes friends with three cruel schoolmates.,Alamo Drafthouse South Lamar
825,Zoom,2006,Comedy,A former superhero (Tim Allen) becomes mentor to a ragtag group of young heroes-in-training.,584,Tom & Jerry,2021,A desperate event planner hires Tom to get rid of Jerry before he ruins a fancy wedding at a hotel.,AMC Barton Creek Square 14
826,Zoom,2006,Comedy,A former superhero (Tim Allen) becomes mentor to a ragtag group of young heroes-in-training.,584,Jathi Ratnalu,2021,Three men search for love and happiness after leaving prison.,Galaxy Highland
827,Zoom,2006,Comedy,A former superhero (Tim Allen) becomes mentor to a ragtag group of young heroes-in-training.,584,Private Screening,2021,Three men search for love and happiness after leaving prison.,Galaxy Highland
828,Amor a mares,2012,Comedy,Escritor sumido en la tristeza es impulsado por su editor para que realice un crucero motivador.,982,Monty Python and the Holy Grail,1975,A lackey follows as King Arthur (Graham Chapman) goes questing.,Alamo Drafthouse South Lamar
829,Amor a mares,2012,Comedy,Escritor sumido en la tristeza es impulsado por su editor para que realice un crucero motivador.,982,Spaceballs,1987,President Skroob (Mel Brooks) pits heroes against an evil foe (Rick Moranis).,Alamo Drafthouse South Lamar
830,Amor a mares,2012,Comedy,Escritor sumido en la tristeza es impulsado por su editor para que realice un crucero motivador.,982,Borat Subsequent Moviefilm,2020,Kazakh funnyman Borat risks life and limb when he returns to America with his 15-year-old daughter.,Alamo Drafthouse South Lamar
831,Amor a mares,2012,Comedy,Escritor sumido en la tristeza es impulsado por su editor para que realice un crucero motivador.,982,Mean Girls,2004,A teen (Lindsay Lohan) becomes friends with three cruel schoolmates.,Alamo Drafthouse South Lamar
832,Amor a mares,2012,Comedy,Escritor sumido en la tristeza es impulsado por su editor para que realice un crucero motivador.,982,Tom & Jerry,2021,A desperate event planner hires Tom to get rid of Jerry before he ruins a fancy wedding at a hotel.,AMC Barton Creek Square 14
833,Amor a mares,2012,Comedy,Escritor sumido en la tristeza es impulsado por su editor para que realice un crucero motivador.,982,Jathi Ratnalu,2021,Three men search for love and happiness after leaving prison.,Galaxy Highland
834,Amor a mares,2012,Comedy,Escritor sumido en la tristeza es impulsado por su editor para que realice un crucero motivador.,982,Private Screening,2021,Three men search for love and happiness after leaving prison.,Galaxy Highland
835,Cuban Fury,2014,Comedy,A former dance prodigy attempts a comeback 22 years after a bullying incident ruined his career.,621,Monty Python and the Holy Grail,1975,A lackey follows as King Arthur (Graham Chapman) goes questing.,Alamo Drafthouse South Lamar
836,Cuban Fury,2014,Comedy,A former dance prodigy attempts a comeback 22 years after a bullying incident ruined his career.,621,Spaceballs,1987,President Skroob (Mel Brooks) pits heroes against an evil foe (Rick Moranis).,Alamo Drafthouse South Lamar
837,Cuban Fury,2014,Comedy,A former dance prodigy attempts a comeback 22 years after a bullying incident ruined his career.,621,Borat Subsequent Moviefilm,2020,Kazakh funnyman Borat risks life and limb when he returns to America with his 15-year-old daughter.,Alamo Drafthouse South Lamar
838,Cuban Fury,2014,Comedy,A former dance prodigy attempts a comeback 22 years after a bullying incident ruined his career.,621,Mean Girls,2004,A teen (Lindsay Lohan) becomes friends with three cruel schoolmates.,Alamo Drafthouse South Lamar
839,Cuban Fury,2014,Comedy,A former dance prodigy attempts a comeback 22 years after a bullying incident ruined his career.,621,Tom & Jerry,2021,A desperate event planner hires Tom to get rid of Jerry before he ruins a fancy wedding at a hotel.,AMC Barton Creek Square 14
840,Cuban Fury,2014,Comedy,A former dance prodigy attempts a comeback 22 years after a bullying incident ruined his career.,621,Jathi Ratnalu,2021,Three men search for love and happiness after leaving prison.,Galaxy Highland
841,Cuban Fury,2014,Comedy,A former dance prodigy attempts a comeback 22 years after a bullying incident ruined his career.,621,Private Screening,2021,Three men search for love and happiness after leaving prison.,Galaxy Highland
842,Scary Movie 3,2003,Comedy,An anchorwoman (Anna Faris) investigates rumors about UFOs and a videotape that leads to deaths.,583,Monty Python and the Holy Grail,1975,A lackey follows as King Arthur (Graham Chapman) goes questing.,Alamo Drafthouse South Lamar
843,Scary Movie 3,2003,Comedy,An anchorwoman (Anna Faris) investigates rumors about UFOs and a videotape that leads to deaths.,583,Spaceballs,1987,President Skroob (Mel Brooks) pits heroes against an evil foe (Rick Moranis).,Alamo Drafthouse South Lamar
844,Scary Movie 3,2003,Comedy,An anchorwoman (Anna Faris) investigates rumors about UFOs and a videotape that leads to deaths.,583,Borat Subsequent Moviefilm,2020,Kazakh funnyman Borat risks life and limb when he returns to America with his 15-year-old daughter.,Alamo Drafthouse South Lamar
845,Scary Movie 3,2003,Comedy,An anchorwoman (Anna Faris) investigates rumors about UFOs and a videotape that leads to deaths.,583,Mean Girls,2004,A teen (Lindsay Lohan) becomes friends with three cruel schoolmates.,Alamo Drafthouse South Lamar
846,Scary Movie 3,2003,Comedy,An anchorwoman (Anna Faris) investigates rumors about UFOs and a videotape that leads to deaths.,583,Tom & Jerry,2021,A desperate event planner hires Tom to get rid of Jerry before he ruins a fancy wedding at a hotel.,AMC Barton Creek Square 14
847,Scary Movie 3,2003,Comedy,An anchorwoman (Anna Faris) investigates rumors about UFOs and a videotape that leads to deaths.,583,Jathi Ratnalu,2021,Three men search for love and happiness after leaving prison.,Galaxy Highland
848,Scary Movie 3,2003,Comedy,An anchorwoman (Anna Faris) investigates rumors about UFOs and a videotape that leads to deaths.,583,Private Screening,2021,Three men search for love and happiness after leaving prison.,Galaxy Highland
849,Man of the House,2005,Comedy,A Texas Ranger (Tommy Lee Jones) protects cheerleaders who witnessed a murder.,602,Monty Python and the Holy Grail,1975,A lackey follows as King Arthur (Graham Chapman) goes questing.,Alamo Drafthouse South Lamar
850,Man of the House,2005,Comedy,A Texas Ranger (Tommy Lee Jones) protects cheerleaders who witnessed a murder.,602,Spaceballs,1987,President Skroob (Mel Brooks) pits heroes against an evil foe (Rick Moranis).,Alamo Drafthouse South Lamar
851,Man of the House,2005,Comedy,A Texas Ranger (Tommy Lee Jones) protects cheerleaders who witnessed a murder.,602,Borat Subsequent Moviefilm,2020,Kazakh funnyman Borat risks life and limb when he returns to America with his 15-year-old daughter.,Alamo Drafthouse South Lamar
852,Man of the House,2005,Comedy,A Texas Ranger (Tommy Lee Jones) protects cheerleaders who witnessed a murder.,602,Mean Girls,2004,A teen (Lindsay Lohan) becomes friends with three cruel schoolmates.,Alamo Drafthouse South Lamar
853,Man of the House,2005,Comedy,A Texas Ranger (Tommy Lee Jones) protects cheerleaders who witnessed a murder.,602,Tom & Jerry,2021,A desperate event planner hires Tom to get rid of Jerry before he ruins a fancy wedding at a hotel.,AMC Barton Creek Square 14
854,Man of the House,2005,Comedy,A Texas Ranger (Tommy Lee Jones) protects cheerleaders who witnessed a murder.,602,Jathi Ratnalu,2021,Three men search for love and happiness after leaving prison.,Galaxy Highland
855,Man of the House,2005,Comedy,A Texas Ranger (Tommy Lee Jones) protects cheerleaders who witnessed a murder.,602,Private Screening,2021,Three men search for love and happiness after leaving prison.,Galaxy Highland
856,Bill & Ted's Excellent Adventure,1989,Comedy,"Dopey dudes (Keanu Reeves, Alex Winter) time-travel to fetch celebrities for a school project.",522,Monty Python and the Holy Grail,1975,A lackey follows as King Arthur (Graham Chapman) goes questing.,Alamo Drafthouse South Lamar
857,Bill & Ted's Excellent Adventure,1989,Comedy,"Dopey dudes (Keanu Reeves, Alex Winter) time-travel to fetch celebrities for a school project.",522,Spaceballs,1987,President Skroob (Mel Brooks) pits heroes against an evil foe (Rick Moranis).,Alamo Drafthouse South Lamar
858,Bill & Ted's Excellent Adventure,1989,Comedy,"Dopey dudes (Keanu Reeves, Alex Winter) time-travel to fetch celebrities for a school project.",522,Borat Subsequent Moviefilm,2020,Kazakh funnyman Borat risks life and limb when he returns to America with his 15-year-old daughter.,Alamo Drafthouse South Lamar
859,Bill & Ted's Excellent Adventure,1989,Comedy,"Dopey dudes (Keanu Reeves, Alex Winter) time-travel to fetch celebrities for a school project.",522,Mean Girls,2004,A teen (Lindsay Lohan) becomes friends with three cruel schoolmates.,Alamo Drafthouse South Lamar
860,Bill & Ted's Excellent Adventure,1989,Comedy,"Dopey dudes (Keanu Reeves, Alex Winter) time-travel to fetch celebrities for a school project.",522,Tom & Jerry,2021,A desperate event planner hires Tom to get rid of Jerry before he ruins a fancy wedding at a hotel.,AMC Barton Creek Square 14
861,Bill & Ted's Excellent Adventure,1989,Comedy,"Dopey dudes (Keanu Reeves, Alex Winter) time-travel to fetch celebrities for a school project.",522,Jathi Ratnalu,2021,Three men search for love and happiness after leaving prison.,Galaxy Highland
862,Bill & Ted's Excellent Adventure,1989,Comedy,"Dopey dudes (Keanu Reeves, Alex Winter) time-travel to fetch celebrities for a school project.",522,Private Screening,2021,Three men search for love and happiness after leaving prison.,Galaxy Highland
863,Duplex,2003,Comedy,La vecina de Alex y Nancy se convierte en su peor pesadilla e intentarán deshacerse de ella.,536,Monty Python and the Holy Grail,1975,A lackey follows as King Arthur (Graham Chapman) goes questing.,Alamo Drafthouse South Lamar
864,Duplex,2003,Comedy,La vecina de Alex y Nancy se convierte en su peor pesadilla e intentarán deshacerse de ella.,536,Spaceballs,1987,President Skroob (Mel Brooks) pits heroes against an evil foe (Rick Moranis).,Alamo Drafthouse South Lamar
865,Duplex,2003,Comedy,La vecina de Alex y Nancy se convierte en su peor pesadilla e intentarán deshacerse de ella.,536,Borat Subsequent Moviefilm,2020,Kazakh funnyman Borat risks life and limb when he returns to America with his 15-year-old daughter.,Alamo Drafthouse South Lamar
866,Duplex,2003,Comedy,La vecina de Alex y Nancy se convierte en su peor pesadilla e intentarán deshacerse de ella.,536,Mean Girls,2004,A teen (Lindsay Lohan) becomes friends with three cruel schoolmates.,Alamo Drafthouse South Lamar
867,Duplex,2003,Comedy,La vecina de Alex y Nancy se convierte en su peor pesadilla e intentarán deshacerse de ella.,536,Tom & Jerry,2021,A desperate event planner hires Tom to get rid of Jerry before he ruins a fancy wedding at a hotel.,AMC Barton Creek Square 14
868,Duplex,2003,Comedy,La vecina de Alex y Nancy se convierte en su peor pesadilla e intentarán deshacerse de ella.,536,Jathi Ratnalu,2021,Three men search for love and happiness after leaving prison.,Galaxy Highland
869,Duplex,2003,Comedy,La vecina de Alex y Nancy se convierte en su peor pesadilla e intentarán deshacerse de ella.,536,Private Screening,2021,Three men search for love and happiness after leaving prison.,Galaxy Highland
870,Duplex,2003,Comedy,"A couple (Ben Stiller, Drew Barrymore) tries to get rid of an annoying neighbor (Eileen Essell).",531,Monty Python and the Holy Grail,1975,A lackey follows as King Arthur (Graham Chapman) goes questing.,Alamo Drafthouse South Lamar
871,Duplex,2003,Comedy,"A couple (Ben Stiller, Drew Barrymore) tries to get rid of an annoying neighbor (Eileen Essell).",531,Spaceballs,1987,President Skroob (Mel Brooks) pits heroes against an evil foe (Rick Moranis).,Alamo Drafthouse South Lamar
872,Duplex,2003,Comedy,"A couple (Ben Stiller, Drew Barrymore) tries to get rid of an annoying neighbor (Eileen Essell).",531,Borat Subsequent Moviefilm,2020,Kazakh funnyman Borat risks life and limb when he returns to America with his 15-year-old daughter.,Alamo Drafthouse South Lamar
873,Duplex,2003,Comedy,"A couple (Ben Stiller, Drew Barrymore) tries to get rid of an annoying neighbor (Eileen Essell).",531,Mean Girls,2004,A teen (Lindsay Lohan) becomes friends with three cruel schoolmates.,Alamo Drafthouse South Lamar
874,Duplex,2003,Comedy,"A couple (Ben Stiller, Drew Barrymore) tries to get rid of an annoying neighbor (Eileen Essell).",531,Tom & Jerry,2021,A desperate event planner hires Tom to get rid of Jerry before he ruins a fancy wedding at a hotel.,AMC Barton Creek Square 14
875,Duplex,2003,Comedy,"A couple (Ben Stiller, Drew Barrymore) tries to get rid of an annoying neighbor (Eileen Essell).",531,Jathi Ratnalu,2021,Three men search for love and happiness after leaving prison.,Galaxy Highland
876,Duplex,2003,Comedy,"A couple (Ben Stiller, Drew Barrymore) tries to get rid of an annoying neighbor (Eileen Essell).",531,Private Screening,2021,Three men search for love and happiness after leaving prison.,Galaxy Highland
877,Bowfinger,1999,Comedy,A producer (Steve Martin) hires an actor's look-alike (Eddie Murphy) for his movie.,516,Monty Python and the Holy Grail,1975,A lackey follows as King Arthur (Graham Chapman) goes questing.,Alamo Drafthouse South Lamar
878,Bowfinger,1999,Comedy,A producer (Steve Martin) hires an actor's look-alike (Eddie Murphy) for his movie.,516,Spaceballs,1987,President Skroob (Mel Brooks) pits heroes against an evil foe (Rick Moranis).,Alamo Drafthouse South Lamar
879,Bowfinger,1999,Comedy,A producer (Steve Martin) hires an actor's look-alike (Eddie Murphy) for his movie.,516,Borat Subsequent Moviefilm,2020,Kazakh funnyman Borat risks life and limb when he returns to America with his 15-year-old daughter.,Alamo Drafthouse South Lamar
880,Bowfinger,1999,Comedy,A producer (Steve Martin) hires an actor's look-alike (Eddie Murphy) for his movie.,516,Mean Girls,2004,A teen (Lindsay Lohan) becomes friends with three cruel schoolmates.,Alamo Drafthouse South Lamar
881,Bowfinger,1999,Comedy,A producer (Steve Martin) hires an actor's look-alike (Eddie Murphy) for his movie.,516,Tom & Jerry,2021,A desperate event planner hires Tom to get rid of Jerry before he ruins a fancy wedding at a hotel.,AMC Barton Creek Square 14
882,Bowfinger,1999,Comedy,A producer (Steve Martin) hires an actor's look-alike (Eddie Murphy) for his movie.,516,Jathi Ratnalu,2021,Three men search for love and happiness after leaving prison.,Galaxy Highland
883,Bowfinger,1999,Comedy,A producer (Steve Martin) hires an actor's look-alike (Eddie Murphy) for his movie.,516,Private Screening,2021,Three men search for love and happiness after leaving prison.,Galaxy Highland
